"Show Type","Provider","Codigo Categoria 1","Codigo Categoria 2","Business rule id","UserNibble2","Provider id","Título Original","Título em Português","Título em Português do Episódio","Temporada","Número do Episódio","Categoria","Ano","Bilheteria","Ranking","Língua Original","Estúdio","Classificação Etária","Genero 1","Genero 2","Elenco","Diretor","País de Origem","Sinopse EPG","Sinopse Resumo","Duração","Data Início","Data Fim","Formato","Audio","Legendado","Dublado ","Billing ID","Extradata 1","Extradata 2","Produto","Janela Repasse","Canal","Box Office","Versao","Cobrança","ID","Movie Size","Movie MD5","Poster Size","Poster MD5","DOWNLOAD TO GO","DIAS DE DOWNLOAD","PASTA FTP","Movie Audio Type","Trailer ID","Trailer Size","Trailer MD5","Duração Trailer","Trailer Audio Type"
"Movie","WARNER","MSEPGC_MV_Musical","MSEPGC_MV_Musical",0,2,"warner.com"," Blinded by the Light","A Música da Minha Vida",,,,"Filme",2019,5000000,9,"en","Warner Bros",12,"Drama","Comédia","Viveik Kalra, Hayley Atwell, Rob Brydon, Kulvinder Ghir, Nell Williams, Aaron Phagura","Gurinder Chadha","USA","Do escritor, diretor e produtor Gurinder Chadha, Driblando o Destino, temos o drama A Música da Minha Vida, baseado nas músicas e letras inspiradoras das canções atemporais de Bruce Springsteen.","Do escritor, diretor e produtor Gurinder Chadha, Driblando o Destino, temos o drama A Música da Minha Vida, baseado nas músicas e letras das canções atemporais de Bruce Springsteen.",01:57:45 AM,10/16/2021,12/31/2044,"HD","en","não","pt","WBH2L",,,"TVOD - Catálogo","L","Nirvana - Catálogo",500000,"Dublado",6.9,"blindedbythelight_dub_ptbr.ts",7063535812,"6C985805922D3E8A1994A5ED674B641B",80586,"D8D855B9FEE9D206223856E64C8DED01","não",0,"\rhome\nirvana\warner_20200114","Dolby 5.1","blindedbythelight_dub_ptbr_trailer.ts",144207844,"4DEC3B668C6DD1A5994E053587E4658B",12:02:24 AM,"Dolby 5.1"
"Movie","WARNER","MSEPGC_MV_Musical",,0,2,"warner.com"," Blinded by the Light","A Música da Minha Vida",,,,"Filme",2019,5000000,9,"en","Warner Bros",12,"Drama","Comédia","Viveik Kalra, Hayley Atwell, Rob Brydon, Kulvinder Ghir, Nell Williams, Aaron Phagura","Gurinder Chadha","USA","Do escritor, diretor e produtor Gurinder Chadha, Driblando o Destino, temos o drama A Música da Minha Vida, baseado nas músicas e letras inspiradoras das canções atemporais de Bruce Springsteen.","Do escritor, diretor e produtor Gurinder Chadha, Driblando o Destino, temos o drama A Música da Minha Vida, baseado nas músicas e letras das canções atemporais de Bruce Springsteen.",01:57:45 AM,01/15/2020,07/15/2020,"HD","en","pt","não","WBH1D",,,"TVOD - Lançamento","D","Nirvana - Lançamento",500000,"Legendado",14.9,"blindedbythelight_sub_ptbr_vod.ts",7063535812,"6C985805922D3E8A1994A5ED674B641B",80586,"D8D855B9FEE9D206223856E64C8DED01","não",0,"\rhome\nirvana\warner_20200114","Dolby 5.1","blindedbythelight_sub_ptbr_vod_trailer.ts",144207844,"4DEC3B668C6DD1A5994E053587E4658B",12:02:24 AM,"Dolby 5.1"
"Movie","WARNER","MSEPGC_MV_Musical",,0,2,"warner.com"," Blinded by the Light","A Música da Minha Vida",,,,"Filme",2019,5000000,9,"en","Warner Bros",12,"Drama","Comédia","Viveik Kalra, Hayley Atwell, Rob Brydon, Kulvinder Ghir, Nell Williams, Aaron Phagura","Gurinder Chadha","USA","Do escritor, diretor e produtor Gurinder Chadha, Driblando o Destino, temos o drama A Música da Minha Vida, baseado nas músicas e letras inspiradoras das canções atemporais de Bruce Springsteen.","Do escritor, diretor e produtor Gurinder Chadha, Driblando o Destino, temos o drama A Música da Minha Vida, baseado nas músicas e letras das canções atemporais de Bruce Springsteen.",01:57:45 AM,10/16/2021,12/31/2044,"HD","en,pt","pt","não","WBH2L",,,"TVOD - Catálogo","L","Nirvana - Catálogo",500000,"Multi-language",6.9,"blinded_by_the_light_dvb.ts",8034773892,"7B99485B581AD0997C1087DD7E422777",58850,"DFF154AF3F05D3419A25F85D14C4E7A4","não",0,"\rhome\nirvana\warner_20200114","Dolby 5.1","blinded_by_the_light_dvb_trailer.ts",144207844,"4DEC3B668C6DD1A5994E053587E4658B",12:02:24 AM,"Dolby 5.1"
"Movie","WARNER","MSEPGC_MV_ActAdv",,0,2,"warner.com","Godzilla: King Of The Monsters","Godzilla II: Rei dos Monstros",,,,"Filme",2019,5000000,9,"en","Warner Bros",12,"Fantasia","Aventura","Kyle Chandler, Vera Farmiga, Millie Bobby Brown, Bradley Whitford, Sally Hawkins, Charles Dance, Thomas Middleditch, Aisha Hinds, O'Shea Jackson Jr., David Strathairn, Ken Watanabe, Ziyi Zhang ","Michael Dougherty","USA","A história acompanha os esforços heroicos da agência criptozoológica, Monarch, enquanto seus membros enfrentam diversos monstros colossais, incluindo o poderoso Godzilla, que cria um conflito com Mothra, Rodan, e seu arqui-inimigo supremo de três cabeças, o Rei Ghidorah. Quando esses seres antigos, que até então não passavam de lendas, ressurgem, todos começam a competir pela supremacia, deixando a própria existência da humanidade por um fio.","Quando antigos monstros colossais ressurgem, a agência criptozoológica, Monarch, enfrenta Godzilla, Mothra, Rodan e Rei Ghidorah, enquanto todos competem pela supremacia.",02:11:41 AM,07/04/2021,12/31/2049,"4k","en,pt","pt","não","WBH2L",,,"TVOD - Catálogo","L","Nirvana - Catálogo",500000,"Multi-language",6.9,"godzilla_king_otm_4k_dvb.ts",18370214892,"3827B0A0B9285E669C0CE6AE2B3A4C17",66385,"F687D2645EA31A37F1F2044E70BE73D3","não",0,"\rhome\nirvana\warner_20200115\godzilla_king_otm_4k_dvb","Dolby 5.1","godzilla_king_otm_4k_dvb_trailer.ts",144591928,"E0BD54C5614CDAA111855B563DAB7A9A",12:02:24 AM,"Dolby 5.1"
"Movie","WARNER","MSEPGC_MV_ActAdv",,0,2,"warner.com","Godzilla: King Of The Monsters","Godzilla II: Rei dos Monstros",,,,"Filme",2019,5000000,9,"en","Warner Bros",12,"Fantasia","Aventura","Kyle Chandler, Vera Farmiga, Millie Bobby Brown, Bradley Whitford, Sally Hawkins, Charles Dance, Thomas Middleditch, Aisha Hinds, O'Shea Jackson Jr., David Strathairn, Ken Watanabe, Ziyi Zhang ","Michael Dougherty","USA","A história acompanha os esforços heroicos da agência criptozoológica, Monarch, enquanto seus membros enfrentam diversos monstros colossais, incluindo o poderoso Godzilla, que cria um conflito com Mothra, Rodan, e seu arqui-inimigo supremo de três cabeças, o Rei Ghidorah. Quando esses seres antigos, que até então não passavam de lendas, ressurgem, todos começam a competir pela supremacia, deixando a própria existência da humanidade por um fio.","Quando antigos monstros colossais ressurgem, a agência criptozoológica, Monarch, enfrenta Godzilla, Mothra, Rodan e Rei Ghidorah, enquanto todos competem pela supremacia.",02:11:41 AM,09/19/2019,03/19/2020,"4K","en,pt","pt","não","WBH1D",,,"TVOD - Lançamento","D","Nirvana - Lançamento",500000,"Multi-language",14.9,"godzilla_king_otm_4k_dvb_vod.ts",18370214892,"3827B0A0B9285E669C0CE6AE2B3A4C17",66385,"F687D2645EA31A37F1F2044E70BE73D3","não",0,"\rhome\nirvana\warner_20200115\godzilla_king_otm_4k_dvb_vod","Dolby 5.1","godzilla_king_otm_4k_dvb_vod_trailer.ts",144591928,"E0BD54C5614CDAA111855B563DAB7A9A",12:02:24 AM,"Dolby 5.1"
"Movie","WARNER","MSEPGC_MV_Drama ",,0,2,"warner.com","Joker","Coringa",,,,"Filme",2019,5000000,9,"en","Warner Bros",16,"Suspense","Drama","Joaquin Phoenix, Robert De Niro, Zazie Beetz, Frances Conroy, Brett Cullen, Shea Whigham, Bill Camp, Glenn Fleshler, Leigh Gill, Josh Pais, Rocco Luna, Marc Maron, Sondra James, Murphy Guyer, Douglas Hodge"," Todd Phillips","USA","Coringa gira em torno desse icônico arqui-inimigo e é uma história independente e original nunca antes vista nas telonas. A forma como exploram Arthur Fleck, um homem ignorado pela sociedade, não é apenas um caso de estudo comportamental","Coringa gira em torno desse icônico arqui-inimigo e é uma história independente e original nunca antes vista nas telonas.",02:01:45 AM,01/07/2020,02/03/2020,"HD","en,pt","pt","não","WBH1N",,,"TVOD - Lançamento","N","Nirvana - Lançamento",500000,"Multi-language",18.9,"joker_dvb_evod.ts",8675610432,"F732768626E0831DD40DFF5C6F8B2DF9",81967,"3E0A0E080907713AEAD3E8365D93A7E5","não",0,"\rhome\nirvana\warner_20200117\joker_dvb_evod","Dolby 5.1","joker_dvb_evod_trailer.ts",144847796,"6E58D494BB9C175E254DB591B572E44B",12:02:24 AM,"Dolby 5.1"
"Movie","WARNER","MSEPGC_MV_ActAdv",,0,2,"warner.com","Shazam!","Shazam!",,,,"Filme",2019,5000000,9,"en","Warner Bros",12,"Ficção Científica","Aventura"," Zachary Levi, Mark Strong, Asher Angel, Jack Dylan Grazer, Adam Brody, Djimon Hounsou, Faithe Herman, Grace Fulton, Michelle Borth, Ian Chen, Ross Butler, Jovan Armand, D.J. Cotrona, Marta Milans, Cooper Andrews","David F. Sandberg","USA","Todos temos um super-herói dentro de nós, só é preciso de um pouco de magia para trazê-lo para fora. No caso de Billy Batson, basta gritar uma palavra SHAZAM! e esse esperto órfão de 14 anos se transforma no Super-Herói adulto chamado Shazam, tudo graças a um feiticeiro ancião. Mantendo um coração de criança dentro de um corpo sarado, como o de um deus Shazam se encanta com essa versão adulta de si mesmo, fazendo o que qualquer adolescente faria se tivesse superpoderes: divertindo-se à beça com eles! Será que ele pode voar? Será que ele tem visão de raio-X? Será que ele consegue disparar raios pelas mãos? Ou talvez pular a prova de estudos sociais? Shazam coloca suas habilidades à prova com a alegre imprudência de uma criança. Mas ele terá que dominar esses poderes logo para enfrentar as terríveis forças do mal controladas pelo Dr. Thaddeus Sivana.","Billy Batson é um esperto garoto de 14 anos que pode se transformar magicamente no super-herói Shazam. Seus poderes logo são colocados à prova contra o perverso Dr. Thaddeus Sivana.",02:11:41 AM,08/01/2019,02/01/2020,"4k","en,pt","pt","não","WBH1D",,,"TVOD - Lançamento","D","Nirvana - Lançamento",500000,"Multi-language",14.9,"shazam_4k_dvb_vod.ts",18370214892,"5364F30E12A1E5CEA9E20CE01F803422",53643,"DCD493F3F983C2D654E808D71E672FBD","não",0,"\rhome\nirvana\warner_20200115\shazam_4k_dvb_vod","Dolby 5.1","shazam_4k_dvb_vod_trailer.ts",145039932,"4BF2E131D90A38BDB5B78B1C6F7B41B3",12:02:24 AM,"Dolby 5.1"
"Movie","WARNER","MSEPGC_MV_ActAdv",,0,2,"warner.com","The Goldfinch","O Pintassilgo",,,,"Filme",2019,5000000,9,"en","Warner Bros",16,"Drama","Drama"," Ansel Elgort, Oakes Fegley, Aneurin Barnard, Finn Wolfhard, Ashleigh Cummings , Willa Fitzgerald, Aimee Laurence, Sarah Paulson, Luke Wilson, Jeffrey Wright, Nicole Kidman, Denis O'Hare, Boyd Gaines, Peter Jacobson, Luke Kleintank, Robert Joy","John Crowley","USA","Theodore Theo Decker tinha 13 anos quando sua mãe foi morta em um atentado ao Museu Metropolitano de Arte. Essa tragédia muda o rumo de sua vida, levando-o a uma emocionante odisseia de sofrimento e culpa, reinvenção e redenção, e até mesmo amor. Em meio a isso tudo, ele se apega a um pequeno resquício de esperança daquele dia terrível... a pintura de um passarinho acorrentado ao seu poleiro. O Pintassilgo.","Uma tragédia muda a vida de Theodore Decker após sua mãe morrer em um atentado ao Museu Metropolitano de Arte. Uma pintura é a esperança que restou. O Pintassilgo.",02:29:00 AM,11/14/2021,12/31/2049,"4K","en,pt","pt","não","WBH2L",,,"TVOD - Catálogo","L","Nirvana - Catálogo",500000,"Multi-language",6.9,"goldfinch_4k_dvb.ts",20171411120,"20448965166FFB1FDA3AF172A8F8573E",104656,"EC3BDA9B18667283439F8259D45432C1","não",0,"\rhome\nirvana\warner_4k_20200116","Dolby 5.1","goldfinch_4k_dvb_trailer.ts",140879868,"32056FE6B3A8E62AE5EE9519C177D469",12:02:20 AM,"Dolby 5.1"
"Movie","WARNER","MSEPGC_MV_ActAdv",,0,2,"warner.com","The Goldfinch","O Pintassilgo",,,,"Filme",2019,5000000,9,"en","Warner Bros",16,"Drama","Drama"," Ansel Elgort, Oakes Fegley, Aneurin Barnard, Finn Wolfhard, Ashleigh Cummings , Willa Fitzgerald, Aimee Laurence, Sarah Paulson, Luke Wilson, Jeffrey Wright, Nicole Kidman, Denis O'Hare, Boyd Gaines, Peter Jacobson, Luke Kleintank, Robert Joy","John Crowley","USA","Theodore Theo Decker tinha 13 anos quando sua mãe foi morta em um atentado ao Museu Metropolitano de Arte. Essa tragédia muda o rumo de sua vida, levando-o a uma emocionante odisseia de sofrimento e culpa, reinvenção e redenção, e até mesmo amor. Em meio a isso tudo, ele se apega a um pequeno resquício de esperança daquele dia terrível... a pintura de um passarinho acorrentado ao seu poleiro. O Pintassilgo.","Uma tragédia muda a vida de Theodore Decker após sua mãe morrer em um atentado ao Museu Metropolitano de Arte. Uma pintura é a esperança que restou. O Pintassilgo.",02:29:00 AM,01/02/2020,01/15/2020,"4K","en,pt","pt","não","WBH1N",,,"TVOD - Pré-lançamento","N","Nirvana - Lançamento",500000,"Multi-language",18.9,"goldfinch_4k_dvb_evod.ts",20171411120,"20448965166FFB1FDA3AF172A8F8573E",104324,"6127D7DABC32ACA464FD27EDF774568E","não",0,"\rhome\nirvana\warner_4k_20200116","Dolby 5.1","goldfinch_4k_dvb_evod_trailer.ts",140879868,"32056FE6B3A8E62AE5EE9519C177D469",12:02:20 AM,"Dolby 5.1"
"Movie","WARNER","MSEPGC_MV_ActAdv",,0,2,"warner.com","The Goldfinch","O Pintassilgo",,,,"Filme",2019,5000000,9,"en","Warner Bros",16,"Drama","Drama"," Ansel Elgort, Oakes Fegley, Aneurin Barnard, Finn Wolfhard, Ashleigh Cummings , Willa Fitzgerald, Aimee Laurence, Sarah Paulson, Luke Wilson, Jeffrey Wright, Nicole Kidman, Denis O'Hare, Boyd Gaines, Peter Jacobson, Luke Kleintank, Robert Joy","John Crowley","USA","Theodore Theo Decker tinha 13 anos quando sua mãe foi morta em um atentado ao Museu Metropolitano de Arte. Essa tragédia muda o rumo de sua vida, levando-o a uma emocionante odisseia de sofrimento e culpa, reinvenção e redenção, e até mesmo amor. Em meio a isso tudo, ele se apega a um pequeno resquício de esperança daquele dia terrível... a pintura de um passarinho acorrentado ao seu poleiro. O Pintassilgo.","Uma tragédia muda a vida de Theodore Decker após sua mãe morrer em um atentado ao Museu Metropolitano de Arte. Uma pintura é a esperança que restou. O Pintassilgo.",02:29:00 AM,01/16/2020,07/16/2020,"4K","en,pt","pt","não","WBH1D",,,"TVOD - Lançamento","D","Nirvana - Lançamento",500000,"Multi-language",14.9,"goldfinch_4k_dvb_vod.ts",20171411120,"20448965166FFB1FDA3AF172A8F8573E",104656,"EC3BDA9B18667283439F8259D45432C1","não",0,"\rhome\nirvana\warner_4k_20200116","Dolby 5.1","goldfinch_4k_dvb_vod_trailer.ts",140879868,"32056FE6B3A8E62AE5EE9519C177D469",12:02:20 AM,"Dolby 5.1"
"Movie","WARNER","MSEPGC_MV_ActAdv",,0,2,"warner.com","Wonder Woman: Bloodlines"," Mulher Maravilha: Linhagem de Sangue",,,,"Filme",2019,5000000,9,"en","Warner Bros",12,"Aventura","Ação","Rosario Dawson, Jeffrey Donovan, Marie Avgeropoulos, Kimberly Brooks, Ray Chase, Michael Dorn, Mozhan Marno, Adrienne C. Moore, Cree Summer, Courtenay Taylor, Nia Vardalos  Constance Zimmer","Sam Liu","USA","Veja a origem lendária de um dos renomados membros da Liga da Justiça, Mulher Maravilha, conforme ela enfrenta o mal com sua espada e seu laço mágico. Determinada e igualmente forte no corpo e no coração, ela assume a missão de ajudar uma jovem garota problemática que foi recrutada por uma organização mortal conhecida como Corporação Vilania, cujos membros criminosos almejam invadir Themyscira, o lar paradisíaco de nossa heroína. A batalha será épica, porque se há uma coisa que as Amazonas conhecem bem, é a guerra!","Veja a origem lendária de um dos membros da Liga da Justiça, Mulher Maravilha, quando ela assume a missão de ajudar uma jovem garota recrutada por uma organização mortal.",01:22:49 AM,07/22/2021,12/31/2049,"4K","en,pt","pt","não","WBH2L",,,"TVOD - Catálogo","L","Nirvana - Catálogo",500000,"Multi-language",6.9,"wwoman_bloodlines_4k_dvb.ts",11557555680,"E78A268E3B13FC963A2F97569100E3C8",106120,"8C0983888A3ED73F03C42B27C857E129","não",0,"\rhome\nirvana\warner_20200115\wwoman_bloodlines_4k_dvb","Dolby 5.1","wwoman_bloodlines_4k_dvb_trailer.ts",102159952,"7B8CAFFC23423F1B4E7C01D3980246EF",12:01:42 AM,"Dolby 5.1"
"Movie","WARNER","MSEPGC_MV_ActAdv",,0,2,"warner.com","Wonder Woman: Bloodlines"," Mulher Maravilha: Linhagem de Sangue",,,,"Filme",2019,5000000,9,"en","Warner Bros",12,"Aventura","Ação","Rosario Dawson, Jeffrey Donovan, Marie Avgeropoulos, Kimberly Brooks, Ray Chase, Michael Dorn, Mozhan Marno, Adrienne C. Moore, Cree Summer, Courtenay Taylor, Nia Vardalos  Constance Zimmer","Sam Liu","USA","Veja a origem lendária de um dos renomados membros da Liga da Justiça, Mulher Maravilha, conforme ela enfrenta o mal com sua espada e seu laço mágico. Determinada e igualmente forte no corpo e no coração, ela assume a missão de ajudar uma jovem garota problemática que foi recrutada por uma organização mortal conhecida como Corporação Vilania, cujos membros criminosos almejam invadir Themyscira, o lar paradisíaco de nossa heroína. A batalha será épica, porque se há uma coisa que as Amazonas conhecem bem, é a guerra!","Veja a origem lendária de um dos membros da Liga da Justiça, Mulher Maravilha, quando ela assume a missão de ajudar uma jovem garota recrutada por uma organização mortal.",01:22:49 AM,11/02/2019,04/21/2020,"4K","en,pt","pt","não","WBH1D",,,"TVOD - Lançamento","D","Nirvana - Lançamento",500000,"Multi-language",14.9,"wwoman_bloodlines_4k_dvb_vod.ts",11557555680,"E78A268E3B13FC963A2F97569100E3C8",106120,"8C0983888A3ED73F03C42B27C857E129","não",0,"\rhome\nirvana\warner_20200115\wwoman_bloodlines_4k_dvb_vod","Dolby 5.1","wwoman_bloodlines_4k_dvb_vod_trailer.ts",102159952,"7B8CAFFC23423F1B4E7C01D3980246EF",12:01:42 AM,"Dolby 5.1"
"Movie","FOX",,,1501,3,"www.foxplay.com","Impuros","Impuros","Impuros Episódio 01",2,1,"Série",2019,1000000,8,"pt","Fox",16,"Drama","Policial","Raphael Logam, Cyria Coentro, Rui Ricardo Diaz, Lorena Comparato, Fernanda Machado, Leandro Firmino","Tomás Portella","BRA","Evandro corre perigo de vida dentro da cadeia. Para se proteger, é obrigado a mudar de facção e sofre as humilhações diárias que lhe são impostas pelos ex-rivais. Arlete testemunha contra Evandro no tribunal, mas a mudança do filho para os Irmãos dos Irmãos pode colocar a mãe em risco. Já Morello, com Evandro preso, depara-se com o vazio do fim de sua caçada e pede licença da polícia para dar atenção à filha.","Na cadeia, Evandro é obrigado a mudar de facção e sofre com as humilhações impostas pelos seus exrivais. Arlete testemunha contra Evandro. Já Morello se depara com o vazio do fim da sua caçada e pede licença da polícia para dar atenção à sua filha.",12:53:00 AM,11/09/2019,02/28/2021,"4K","pt","não","não","FXH6M",97,,"TVOD - Lançamento","M","Nirvana - Lançamento",250000,"Nacional",0,"impuros201_4k_dub_ptbr.ts",7092437052,"F35608E10622B9E5B236CE0670F3BDD1",131958,"DCDA79FB93E33F99314184127D36040C","não",0,"\rhome\nirvana\fox_20191206\impuros201_4k_dub_ptbr","Dolby 5.1",,,,,
"Movie","FOX",,,1501,3,"www.foxplay.com","Impuros","Impuros","Impuros Episódio 02",2,2,"Série",2019,1000000,8,"pt","Fox",16,"Drama","Policial","Raphael Logam, Cyria Coentro, Rui Ricardo Diaz, Lorena Comparato, Fernanda Machado, Leandro Firmino","Tomás Portella","BRA","O passado de Morello é revirado e os traumas que moldaram o policial se afloram. No presente, o policial volta a beber e é levado a força para uma clínica de reabilitação. Geise, em fuga, reaparece grávida enquanto Evandro tenta costurar sua volta para o Comando. Salvador e Bagdá, agora juntos, vão tentar se vingar do traficante, que continua com sua vida em risco.","O passado de Morello é revirado, e os traumas que moldaram o policial se afloram. No presente, o policial é levado para a reabilitação. Geise reaparece grávida, enquanto Evandro tenta voltar para o Comando. Salvador e Bagdá tentam se vingar do traficante.",12:59:00 AM,11/09/2019,02/28/2021,"4K","pt","não","não","FXH6M",97,,"TVOD - Lançamento","M","Nirvana - Lançamento",250000,"Nacional",0,"impuros202_4k_dub_ptbr.ts",7976421700,"A97D778B9A20E1B9BD1D336349C6AC61",131966,"FA5156A349B14009332A6967D55969B6","não",0,"\rhome\nirvana\fox_20191206\impuros202_4k_dub_ptbr","Dolby 5.1",,,,,
"Movie","FOX",,,1501,3,"www.foxplay.com","Impuros","Impuros","Impuros Episódio 03",2,3,"Série",2019,1000000,8,"pt","Fox",16,"Drama","Policial","Raphael Logam, Cyria Coentro, Rui Ricardo Diaz, Lorena Comparato, Fernanda Machado, Leandro Firmino","Tomás Portella","BRA","Morello enfrenta seus demônios na clínica de reabilitação e Inês entra de cabeça no mundo das drogas. Os irmãos Urquiza mandam matadores atrás de Morello. Evandro descobre que não pode confiar na sua nova facção e dar sua última cartada para voltar para o Comando. Longe do Dendê, Geise se perde de Airton ao tentar sair do país.","Morello enfrenta os seus demônios na reabilitação, e Inês entra no mundo das drogas. Os irmãos Urquiza mandam matadores atrás de Morello. Evandro descobre que não pode confiar na sua nova facção. Geise se perde de Airton ao tentar sair do país.",12:44:00 AM,11/09/2019,02/28/2021,"4K","pt","não","não","FXH6M",97,,"TVOD - Lançamento","M","Nirvana - Lançamento",250000,"Nacional",0,"impuros203_4k_dub_ptbr.ts",5949072376,"D70B7B62ED3D74A252005DEC93E350CD",132188,"23B6AFA989505EFE9D93EF07544A2797","não",0,"\rhome\nirvana\fox_20191206\impuros203_4k_dub_ptbr","Dolby 5.1",,,,,
"Movie","FOX",,,1501,3,"www.foxplay.com","Impuros","Impuros","Impuros Episódio 04",2,4,"Série",2019,1000000,8,"pt","Fox",16,"Drama","Policial","Raphael Logam, Cyria Coentro, Rui Ricardo Diaz, Lorena Comparato, Fernanda Machado, Leandro Firmino","Tomás Portella","BRA","Evandro escapa da cadeia e volta para o Dendê. Ao saber da fuga, Morello se anima e aceita ajuda do DEA para ser liberado da clínica e voltar à sua caçada, se afastando ainda mais de Inês. Geise se desespera com o sumiço de Airton, que acaba sequestrado, colocando todos em perigo.","Evandro escapa da cadeia e volta para o Dendê. Ao saber da fuga, Morello aceita ajuda do DEA para ser liberado da reabilitação e voltar à sua caçada. Geise se desespera com o sumiço de Airton, que acaba sequestrado e coloca todos em perigo.",12:42:00 AM,11/09/2019,02/28/2021,"4K","pt","não","não","FXH6M",97,,"TVOD - Lançamento","M","Nirvana - Lançamento",250000,"Nacional",0,"impuros204_4k_dub_ptbr.ts",5632184652,"F336CDCF241155C3CE0F65F59FD546B4",131943,"6AB6B10286987E6C1C8AF2CEECEFB671","não",0,"\rhome\nirvana\fox_20191206\impuros204_4k_dub_ptbr","Dolby 5.1",,,,,
"Movie","FOX",,,1501,3,"www.foxplay.com","Impuros","Impuros","Impuros Episódio 05",2,5,"Série",2019,1000000,8,"pt","Fox",16,"Drama","Policial","Raphael Logam, Cyria Coentro, Rui Ricardo Diaz, Lorena Comparato, Fernanda Machado, Leandro Firmino","Tomás Portella","BRA","O sequestro de Airton acaba ajudando Evandro a descobrir o seu paradeiro e consegue reunir a família novamente no Dendê. Ao reencontrar Geise, ele descobre que será pai e promete que ficará ao lado dela. Já Morello começa a desconfiar que a filha está usando drogas e inicia uma investigação pessoal.","O sequestro de Airton acaba ajudando Evandro a descobrir o seu paradeiro e consegue reunir a família novamente no Dendê. Ao reencontrar Geise, ele descobre que será pai e promete que ficará ao lado dela. Já Morello começa a desconfiar que a filha está usando drogas e inicia uma investigação pessoal.",12:45:00 AM,11/09/2019,02/28/2021,"4K","pt","não","não","FXH6M",97,,"TVOD - Lançamento","M","Nirvana - Lançamento",250000,"Nacional",0,"impuros205_4k_dub_ptbr.ts",6084291376,"7A628C20F38D17D18EE89C8A4B88A715",132182,"0CA4AAC2FF5561E0194EB32217E633CC","não",0,"\rhome\nirvana\fox_20191206\impuros205_4k_dub_ptbr","Dolby 5.1",,,,,
"Movie","FOX",,,1501,3,"www.foxplay.com","Impuros","Impuros","Impuros Episódio 06",2,6,"Série",2019,1000000,8,"pt","Fox",16,"Drama","Policial","Raphael Logam, Cyria Coentro, Rui Ricardo Diaz, Lorena Comparato, Fernanda Machado, Leandro Firmino","Tomás Portella","BRA","Evandro vai fazer de tudo para ver o nascimento do filho, mesmo com a polícia de tocaia no hospital. Enquanto isso, na cadeia, Afonso foge, Salvador sai em condicional e Bagdá toma a ala da Segunda Armada, fortalecendo os Irmãos dos Irmãos. Morello descobre que Inês usa cocaína e Arlete reconhece o homem que lhe assaltou e espancou.","Evandro vai fazer de tudo para ver o nascimento do filho, mesmo com a polícia de tocaia no hospital. Enquanto isso, na cadeia, Afonso foge, Salvador sai em condicional e Bagdá toma a ala da Segunda Armada, fortalecendo os Irmãos dos Irmãos. Morello descobre que Inês usa cocaína e Arlete reconhece o homem que lhe assaltou e espancou.",12:57:00 AM,11/09/2019,02/28/2021,"4K","pt","não","não","FXH6M",97,,"TVOD - Lançamento","M","Nirvana - Lançamento",250000,"Nacional",0,"impuros206_4k_dub_ptbr.ts",7650760204,"81D3DD167E416A863844C0ECC010B9BA",132165,"4302917DAEF7ABBDCEABB34AFD32A547","não",0,"\rhome\nirvana\fox_20191206\impuros206_4k_dub_ptbr","Dolby 5.1",,,,,
"Movie","FOX",,,1501,3,"www.foxplay.com","Impuros","Impuros","Impuros Episódio 07",2,7,"Série",2019,1000000,8,"pt","Fox",16,"Drama","Policial","Raphael Logam, Cyria Coentro, Rui Ricardo Diaz, Lorena Comparato, Fernanda Machado, Leandro Firmino","Tomás Portella","BRA","Evandro e Geise reatam o casamento com uma promessa de mudanças e Arlete vai embora da casa depois de um trauma. A mãe de Evandro tenta sequestrar a neta pouco antes da família se mudar para Bolívia. Morello vai atrás de Júlio, o traficante que fornece drogas para sua filha, e descobre uma oportunidade de pegar Evandro. Ao mesmo tempo, Inês foge da clínica, e, sozinha, busca suprir seu vício.","Evandro e Geise reatam o casamento com uma promessa de mudanças e Arlete vai embora da casa depois de um trauma. A mãe de Evandro tenta sequestrar a neta pouco antes da família se mudar para Bolívia. Morello vai atrás de Júlio, o traficante que fornece drogas para sua filha, e descobre uma oportunidade de pegar Evandro. Ao mesmo tempo, Inês foge da clínica, e, sozinha, busca suprir seu vício.",12:57:00 AM,11/09/2019,02/28/2021,"4K","pt","não","não","FXH6M",97,,"TVOD - Lançamento","M","Nirvana - Lançamento",250000,"Nacional",0,"impuros207_4k_dub_ptbr.ts",7697284376,"26235BC67750D6D102FBD820A12D084F",132162,"12B4BEE09BE3F30D778C1514A6F652E5","não",0,"\rhome\nirvana\fox_20191206\impuros207_4k_dub_ptbr","Dolby 5.1",,,,,
"Movie","FOX",,,1501,3,"www.foxplay.com","Impuros","Impuros","Impuros Episódio 08",2,8,"Série",2019,1000000,8,"pt","Fox",16,"Drama","Policial","Raphael Logam, Cyria Coentro, Rui Ricardo Diaz, Lorena Comparato, Fernanda Machado, Leandro Firmino","Tomás Portella","BRA","Morello salva Inês de ser presa pela PM e a leva de volta para a clínica de reabilitação. Disposto a pegar Evandro a qualquer custo, o policial obriga o traficante Júlio a plantar um grampo no barracão do Dendê. Evandro monta um laboratório no Brasil, mas Morello, com o grampo, escuta todos os seus planos, esperando a hora de atacar.","Morello salva Inês de ser presa pela PM e a leva de volta para a clínica de reabilitação. Disposto a pegar Evandro a qualquer custo, o policial obriga o traficante Júlio a plantar um grampo no barracão do Dendê. ",12:46:00 AM,11/09/2019,02/28/2021,"4K","pt","não","não","FXH6M",97,,"TVOD - Lançamento","M","Nirvana - Lançamento",250000,"Nacional",0,"impuros208_4k_dub_ptbr.ts",6273011604,"901AE3977E50EDD4766AD45823221DDB",132216,"1955382FDCF1284783AC41C25FA2C751","não",0,"\rhome\nirvana\fox_20191206\impuros208_4k_dub_ptbr","Dolby 5.1",,,,,
"Movie","FOX",,,1501,3,"www.foxplay.com","Impuros","Impuros","Impuros Episódio 09",2,9,"Série",2019,1000000,8,"pt","Fox",16,"Drama","Policial","Raphael Logam, Cyria Coentro, Rui Ricardo Diaz, Lorena Comparato, Fernanda Machado, Leandro Firmino","Tomás Portella","BRA","Evandro negocia com os Urquiza pois perdeu um carregamento de drogas. Para piorar, os irmãos descobrem sobre o laboratório de Evandro. Sentindose traído, Arturo fecha um negócio com Salvador, o que pode colocar Evandro e sua família em risco. Morello recebe uma mala de grampo e consegue monitorar o telefone do piloto Jorge, peça importante no tráfico internacional.","Evandro negocia com os Urquiza pois perdeu um carregamento de drogas. Para piorar, os irmãos descobrem sobre o laboratório de Evandro. Sentindose traído, Arturo fecha um negócio com Salvador, o que pode colocar Evandro e sua família em risco.",12:55:00 AM,11/09/2019,02/28/2021,"4K","pt","não","não","FXH6M",97,,"TVOD - Lançamento","M","Nirvana - Lançamento",250000,"Nacional",0,"impuros209_4k_dub_ptbr.ts",7404798112,"BA2A2939AA51BC6E55FBD56ED05E7CFC",132201,"904B3A428059A28989469B5FA6030CD1","não",0,"\rhome\nirvana\fox_20191206\impuros209_4k_dub_ptbr","Dolby 5.1",,,,,
"Movie","FOX",,,1501,3,"www.foxplay.com","Impuros","Impuros","Impuros Episódio 10",2,10,"Série",2019,1000000,8,"pt","Fox",16,"Drama","Policial","Raphael Logam, Cyria Coentro, Rui Ricardo Diaz, Lorena Comparato, Fernanda Machado, Leandro Firmino","Tomás Portella","BRA","Evandro e Gilmar têm que se livrar dos corpos depois de um jantar que termina em várias mortes, mas Arlete chega na casa de surpresa. Morello pega Inês na clínica e leva a filha para casa. Evandro planeja sua fuga, mas o piloto Jorge não está disposto a se envolver com essa matança. Inês briga com Morello e foge à procura de cocaína no Dendê. Morello vai atrás dela, mas a chance de pegar Evandro fará com que ele tenha que escolher entre a ajudar a filha ou prender seu alvo.","Evandro e Gilmar têm que se livrar dos corpos depois de um jantar que termina em várias mortes, mas Arlete chega na casa de surpresa. Morello pega Inês na clínica e leva a filha para casa.",12:54:00 AM,11/09/2019,02/28/2021,"4K","pt","não","não","FXH6M",97,,"TVOD - Lançamento","M","Nirvana - Lançamento",250000,"Nacional",0,"impuros210_4k_dub_ptbr.ts",7285182172,"0DBF137EFA55FFB4FF0B829B33B44C21",132240,"22AC68D0C8274A3FDCC799E6F0C92B0C","não",0,"\rhome\nirvana\fox_20191206\impuros210_4k_dub_ptbr","Dolby 5.1",,,,,
